{
  "products": [
    {
      "id": 4,
      "ProductName": "Samsung Galaxy",
      "Category": "Electronics",
      "SubCategory": "mobile",
      "Brand": "samsung",
      "Rating": "4",
      "Price": "21000",
      "stock": "100",
      "ProductImage": "https://chandan-share.s3.amazonaws.com/image.png"
    },
    {
      "id": 3,
      "ProductName": "Headphone",
      "Category": "Electronics",
      "SubCategory": "Accessories",
      "Brand": "Boat",
      "Rating": 5,
      "Price": 500,
      "stock": "100",
      "ProductImage": "https://chandan-share.s3.amazonaws.com/image.png"
    },
    {
      "id": 1,
      "ProductName": "Jeans",
      "Category": "Clothes",
      "SubCategory": "Fashion",
      "Brand": "Lee Cooper",
      "Rating": 5,
      "Price": 1500,
      "stock": "100",
      "ProductImage": "https://chandan-share.s3.amazonaws.com/image.png"
    },
    {
      "id": 2,
      "ProductName": "Table",
      "Category": "Home & Furniture",
      "SubCategory": "Study Table",
      "Brand": "Crystal",
      "Rating": 4.5,
      "Price": 4000,
      "stock": "100",
      "ProductImage": "https://chandan-share.s3.amazonaws.com/image.png"
    },
    {
      "id": 5,
      "ProductName": "Football",
      "Category": "Sports",
      "SubCategory": "Outdoor",
      "Brand": "adidas",
      "Rating": 3.5,
      "Price": 800,
      "stock": "100",
      "ProductImage": "https://chandan-share.s3.amazonaws.com/image.png"
    },
    {
      "id": 6,
      "ProductName": "Cooker",
      "Category": "Home & Kitchen",
      "SubCategory": "Utensil",
      "Brand": "Pigeon",
      "Rating": 5,
      "Price": 2000,
      "stock": "100",
      "ProductImage": "https://chandan-share.s3.amazonaws.com/image.png"
    },
    {
      "id": 7,
      "ProductName": "Bolt Cutter",
      "Category": "Tools",
      "SubCategory": "Metal Cutter",
      "Brand": "iBell",
      "Rating": 3,
      "Price": 200,
      "stock": "100",
      "ProductImage": "https://chandan-share.s3.amazonaws.com/image.png"
    },
    {
      "id": 8,
      "ProductName": "Tap",
      "Category": "Home & Bathroom",
      "SubCategory": "Bathroom",
      "Brand": "jaquar",
      "Rating": 5,
      "Price": 5500,
      "stock": "100",
      "ProductImage": "https://chandan-share.s3.amazonaws.com/image.png"
    },
    {
      "id": 9,
      "ProductName": "Torch",
      "Category": "Home Lighting",
      "SubCategory": "Torches",
      "Brand": "wipro",
      "Rating": 3.5,
      "Price": 150,
      "stock": "100",
      "ProductImage": "https://chandan-share.s3.amazonaws.com/image.png"
    },
    {
      "id": 10,
      "ProductName": "TV",
      "Category": "Appliances",
      "SubCategory": "Televisions",
      "Brand": "LG",
      "Rating": 4,
      "Price": 12000,
      "stock": "100",
      "ProductImage": "https://chandan-share.s3.amazonaws.com/image.png"
    },
    {
      "id": 11,
      "ProductName": "Laptop",
      "Category": "Electronics",
      "SubCategory": "Computer",
      "Brand": "Dell",
      "Rating": 4.5,
      "Price": 4500,
      "stock": "100",
      "ProductImage": "https://chandan-share.s3.amazonaws.com/image.png"
    }
  ],
  "users": [
    {
      "id": "ck@mail.com",
      "name": "chandan",
      "gender": "male",
      "password": "123@pass"
    },
    {
      "id": "test@mail.com",
      "name": "Test",
      "gender": "male",
      "password": "qwerty"
    },
    {
      "id": "test2@mail.com",
      "name": "TestName",
      "gender": "male",
      "password": "pass"
    },
    {
      "id": "test@mail1.com",
      "name": "qwerty",
      "gender": "male",
      "password": "qwert"
    }
  ]
}